,average_turnaround_hours,denied_charges,denied_charge_rate,denial_rate,clearance_rate,authorization_completion_rate,work_queue_volume,staff_fte,workload_per_fte
average_turnaround_hours,1.0,0.861125,0.772332,0.817346,-0.772521,-0.785864,0.656933,-0.261398,0.690491
denied_charges,0.861125,1.0,0.569668,0.565565,-0.462904,-0.565178,0.42309,-0.077357,0.427359
denied_charge_rate,0.772332,0.569668,1.0,0.945948,-0.892468,-0.907529,0.809568,-0.239562,0.834017
denial_rate,0.817346,0.565565,0.945948,1.0,-0.933952,-0.938273,0.820818,-0.259607,0.849007
clearance_rate,-0.772521,-0.462904,-0.892468,-0.933952,1.0,0.89666,-0.842468,0.338813,-0.885384
authorization_completion_rate,-0.785864,-0.565178,-0.907529,-0.938273,0.89666,1.0,-0.895902,0.200512,-0.910252
work_queue_volume,0.656933,0.42309,0.809568,0.820818,-0.842468,-0.895902,1.0,-0.040876,0.982463
staff_fte,-0.261398,-0.077357,-0.239562,-0.259607,0.338813,0.200512,-0.040876,1.0,-0.224703
workload_per_fte,0.690491,0.427359,0.834017,0.849007,-0.885384,-0.910252,0.982463,-0.224703,1.0
